PatientId,MedicationName,DaysSupply,StartDate,Cost
1,24 HR Bupropion Hydrochloride 150 MG Extended Release Oral Tablet,90,2022-01-01,60
1,Diazepam 5 MG Oral Tablet,30,2022-01-05,30
1,Bd 25g 1 Ml Syr Orange 329622,20,2022-02-04,50
1,Clindamycin 300 MG Oral Capsule,10,2022-01-30,10
2,Pioglitazone 30 MG Oral Tablet,14,2022-02-28,150
2,Triazolam 0.25 MG Oral Tablet,14,2022-01-31,100
2,Valacyclovir 1000 MG Oral Tablet,30,2022-02-10,120
1,Pantoprazole 40 MG Delayed Release,90,2022-01-20,200
2,Diazepam 5 MG Oral Tablet,30,2022-01-08,30
